[
    {
       "capital":"Kabul",
       "citizenship":"Afghan",
       "country_code":"004",
       "currency_name":"afghani",
       "currency_code":"AFN",
       "full_name":"Islamic Republic of Afghanistan",
       "iso_3166_2":"AF",
       "iso_3166_3":"AFG",
       "name":"Afghanistan",
       "calling_code":"93",
       "currency_symbol":"\u060b"
    },
    {
       "capital":"Tirana",
       "citizenship":"Albanian",
       "country_code":"008",
       "currency_name":"lek",
       "currency_code":"ALL",
       "full_name":"Republic of Albania",
       "iso_3166_2":"AL",
       "iso_3166_3":"ALB",
       "name":"Albania",
       "calling_code":"355",
       "currency_symbol":"Lek"
    },
    {
       "capital":"Antartica",
       "citizenship":"of Antartica",
       "country_code":"010",
       "currency_name":"",
       "currency_code":"",
       "full_name":"Antarctica",
       "iso_3166_2":"AQ",
       "iso_3166_3":"ATA",
       "name":"Antarctica",
       "calling_code":"672",
       "currency_symbol":""
    },
    {
       "capital":"Algiers",
       "citizenship":"Algerian",
       "country_code":"012",
       "currency_name":"Algerian dinar",
       "currency_code":"DZD",
       "full_name":"People\u2019s Democratic Republic of Algeria",
       "iso_3166_2":"DZ",
       "iso_3166_3":"DZA",
       "name":"Algeria",
       "calling_code":"213",
       "currency_symbol":"DZD"
    },
    {
       "capital":"Pago Pago",
       "citizenship":"American Samoan",
       "country_code":"016",
       "currency_name":"US dollar",
       "currency_code":"USD",
       "full_name":"Territory of American",
       "iso_3166_2":"AS",
       "iso_3166_3":"ASM",
       "name":"American Samoa",
       "calling_code":"1",
       "currency_symbol":"$"
    },
    {
       "capital":"Andorra la Vella",
       "citizenship":"Andorran",
       "country_code":"020",
       "currency_name":"euro",
       "currency_code":"EUR",
       "full_name":"Principality of Andorra",
       "iso_3166_2":"AD",
       "iso_3166_3":"AND",
       "name":"Andorra",
       "calling_code":"376",
       "currency_symbol":"\u20ac"
    },
    {
       "capital":"Luanda",
       "citizenship":"Angolan",
       "country_code":"024",
       "currency_name":"kwanza",
       "currency_code":"AOA",
       "full_name":"Republic of Angola",
       "iso_3166_2":"AO",
       "iso_3166_3":"AGO",
       "name":"Angola",
       "calling_code":"244",
       "currency_symbol":"Kz"
    },
    {
       "capital":"St John\u2019s",
       "citizenship":"of Antigua and Barbuda",
       "country_code":"028",
       "currency_name":"East Caribbean dollar",
       "currency_code":"XCD",
       "full_name":"Antigua and Barbuda",
       "iso_3166_2":"AG",
       "iso_3166_3":"ATG",
       "name":"Antigua and Barbuda",
       "calling_code":"1",
       "currency_symbol":"$"
    },
    {
       "capital":"Baku",
       "citizenship":"Azerbaijani",
       "country_code":"031",
       "currency_name":"Azerbaijani manat",
       "currency_code":"AZN",
       "full_name":"Republic of Azerbaijan",
       "iso_3166_2":"AZ",
       "iso_3166_3":"AZE",
       "name":"Azerbaijan",
       "calling_code":"994",
       "currency_symbol":"\u043c\u0430\u043d"
    },
    {
       "capital":"Buenos Aires",
       "citizenship":"Argentinian",
       "country_code":"032",
       "currency_name":"Argentine peso",
       "currency_code":"ARS",
       "full_name":"Argentine Republic",
       "iso_3166_2":"AR",
       "iso_3166_3":"ARG",
       "name":"Argentina",
       "calling_code":"54",
       "currency_symbol":"$"
    },
    {
       "capital":"Canberra",
       "citizenship":"Australian",
       "country_code":"036",
       "currency_name":"Australian dollar",
       "currency_code":"AUD",
       "full_name":"Commonwealth of Australia",
       "iso_3166_2":"AU",
       "iso_3166_3":"AUS",
       "name":"Australia",
       "calling_code":"61",
       "currency_symbol":"$"
    },
    {
       "capital":"Vienna",
       "citizenship":"Austrian",
       "country_code":"040",
       "currency_name":"euro",
       "currency_code":"EUR",
       "full_name":"Republic of Austria",
       "iso_3166_2":"AT",
       "iso_3166_3":"AUT",
       "name":"Austria",
       "calling_code":"43",
       "currency_symbol":"\u20ac"
    },
    {
       "capital":"Nassau",
       "citizenship":"Bahamian",
       "country_code":"044",
       "currency_name":"Bahamian dollar",
       "currency_code":"BSD",
       "full_name":"Commonwealth of the Bahamas",
       "iso_3166_2":"BS",
       "iso_3166_3":"BHS",
       "name":"Bahamas",
       "calling_code":"1",
       "currency_symbol":"$"
    },
    {
       "capital":"Manama",
       "citizenship":"Bahraini",
       "country_code":"048",
       "currency_name":"Bahraini dinar",
       "currency_code":"BHD",
       "full_name":"Kingdom of Bahrain",
       "iso_3166_2":"BH",
       "iso_3166_3":"BHR",
       "name":"Bahrain",
       "calling_code":"973",
       "currency_symbol":"BHD"
    },
    {
       "capital":"Dhaka",
       "citizenship":"Bangladeshi",
       "country_code":"050",
       "currency_name":"taka (inv.)",
       "currency_code":"BDT",
       "full_name":"People\u2019s Republic of Bangladesh",
       "iso_3166_2":"BD",
       "iso_3166_3":"BGD",
       "name":"Bangladesh",
       "calling_code":"880",
       "currency_symbol":"BDT"
    },
    {
       "capital":"Yerevan",
       "citizenship":"Armenian",
       "country_code":"051",
       "currency_name":"dram (inv.)",
       "currency_code":"AMD",
       "full_name":"Republic of Armenia",
       "iso_3166_2":"AM",
       "iso_3166_3":"ARM",
       "name":"Armenia",
       "calling_code":"374",
       "currency_symbol":"AMD"
    },
    {
       "capital":"Bridgetown",
       "citizenship":"Barbadian",
       "country_code":"052",
       "currency_name":"Barbados dollar",
       "currency_code":"BBD",
       "full_name":"Barbados",
       "iso_3166_2":"BB",
       "iso_3166_3":"BRB",
       "name":"Barbados",
       "calling_code":"1",
       "currency_symbol":"$"
    },
    {
       "capital":"Brussels",
       "citizenship":"Belgian",
       "country_code":"056",
       "currency_name":"euro",
       "currency_code":"EUR",
       "full_name":"Kingdom of Belgium",
       "iso_3166_2":"BE",
       "iso_3166_3":"BEL",
       "name":"Belgium",
       "calling_code":"32",
       "currency_symbol":"\u20ac"
    },
    {
       "capital":"Hamilton",
       "citizenship":"Bermudian",
       "country_code":"060",
       "currency_name":"Bermuda dollar",
       "currency_code":"BMD",
       "full_name":"Bermuda",
       "iso_3166_2":"BM",
       "iso_3166_3":"BMU",
       "name":"Bermuda",
       "calling_code":"1",
       "currency_symbol":"$"
    },
    {
       "capital":"Thimphu",
       "citizenship":"Bhutanese",
       "country_code":"064",
       "currency_name":"ngultrum (inv.)",
       "currency_code":"BTN",
       "full_name":"Kingdom of Bhutan",
       "iso_3166_2":"BT",
       "iso_3166_3":"BTN",
       "name":"Bhutan",
       "calling_code":"975",
       "currency_symbol":"BTN"
    },
    {
       "capital":"Sucre (BO1)",
       "citizenship":"Bolivian",
       "country_code":"068",
       "currency_name":"boliviano",
       "currency_code":"BOB",
       "full_name":"Plurinational State of Bolivia",
       "iso_3166_2":"BO",
       "iso_3166_3":"BOL",
       "name":"Bolivia, Plurinational State of",
       "calling_code":"591",
       "currency_symbol":"$b"
    },
    {
       "capital":"Sarajevo",
       "citizenship":"of Bosnia and Herzegovina",
       "country_code":"070",
       "currency_name":"convertible mark",
       "currency_code":"BAM",
       "full_name":"Bosnia and Herzegovina",
       "iso_3166_2":"BA",
       "iso_3166_3":"BIH",
       "name":"Bosnia and Herzegovina",
       "calling_code":"387",
       "currency_symbol":"KM"
    },
    {
       "capital":"Gaborone",
       "citizenship":"Botswanan",
       "country_code":"072",
       "currency_name":"pula (inv.)",
       "currency_code":"BWP",
       "full_name":"Republic of Botswana",
       "iso_3166_2":"BW",
       "iso_3166_3":"BWA",
       "name":"Botswana",
       "calling_code":"267",
       "currency_symbol":"P"
    },
    {
       "capital":"Bouvet island",
       "citizenship":"of Bouvet island",
       "country_code":"074",
       "currency_name":"",
       "currency_code":"",
       "full_name":"Bouvet Island",
       "iso_3166_2":"BV",
       "iso_3166_3":"BVT",
       "name":"Bouvet Island",
       "calling_code":"47",
       "currency_symbol":"kr"
    },
    {
       "capital":"Brasilia",
       "citizenship":"Brazilian",
       "country_code":"076",
       "currency_name":"real (pl. reais)",
       "currency_code":"BRL",
       "full_name":"Federative Republic of Brazil",
       "iso_3166_2":"BR",
       "iso_3166_3":"BRA",
       "name":"Brazil",
       "calling_code":"55",
       "currency_symbol":"R$"
    },
    {
       "capital":"Belmopan",
       "citizenship":"Belizean",
       "country_code":"084",
       "currency_name":"Belize dollar",
       "currency_code":"BZD",
       "full_name":"Belize",
       "iso_3166_2":"BZ",
       "iso_3166_3":"BLZ",
       "name":"Belize",
       "calling_code":"501",
       "currency_symbol":"BZ$"
    },
    {
       "capital":"Diego Garcia",
       "citizenship":"Changosian",
       "country_code":"086",
       "currency_name":"US dollar",
       "currency_code":"USD",
       "full_name":"British Indian Ocean Territory",
       "iso_3166_2":"IO",
       "iso_3166_3":"IOT",
       "name":"British Indian Ocean Territory",
       "calling_code":"246",
       "currency_symbol":"$"
    },
    {
       "capital":"Honiara",
       "citizenship":"Solomon Islander",
       "country_code":"090",
       "currency_name":"Solomon Islands dollar",
       "currency_code":"SBD",
       "full_name":"Solomon Islands",
       "iso_3166_2":"SB",
       "iso_3166_3":"SLB",
       "name":"Solomon Islands",
       "calling_code":"677",
       "currency_symbol":"$"
    },
    {
       "capital":"Road Town",
       "citizenship":"British Virgin Islander;",
       "country_code":"092",
       "currency_name":"US dollar",
       "currency_code":"USD",
       "full_name":"British Virgin Islands",
       "iso_3166_2":"VG",
       "iso_3166_3":"VGB",
       "name":"Virgin Islands, British",
       "calling_code":"1",
       "currency_symbol":"$"
    },
    {
       "capital":"Bandar Seri Begawan",
       "citizenship":"Bruneian",
       "country_code":"096",
       "currency_name":"Brunei dollar",
       "currency_code":"BND",
       "full_name":"Brunei Darussalam",
       "iso_3166_2":"BN",
       "iso_3166_3":"BRN",
       "name":"Brunei Darussalam",
       "calling_code":"673",
       "currency_symbol":"$"
    },
    {
       "capital":"Sofia",
       "citizenship":"Bulgarian",
       "country_code":"100",
       "currency_name":"lev (pl. leva)",
       "currency_code":"BGN",
       "full_name":"Republic of Bulgaria",
       "iso_3166_2":"BG",
       "iso_3166_3":"BGR",
       "name":"Bulgaria",
       "calling_code":"359",
       "currency_symbol":"\u043b\u0432"
    },
    {
       "capital":"Yangon",
       "citizenship":"Burmese",
       "country_code":"104",
       "currency_name":"kyat",
       "currency_code":"MMK",
       "full_name":"Union of Myanmar\/",
       "iso_3166_2":"MM",
       "iso_3166_3":"MMR",
       "name":"Myanmar",
       "calling_code":"95",
       "currency_symbol":"K"
    },
    {
       "capital":"Bujumbura",
       "citizenship":"Burundian",
       "country_code":"108",
       "currency_name":"Burundi franc",
       "currency_code":"BIF",
       "full_name":"Republic of Burundi",
       "iso_3166_2":"BI",
       "iso_3166_3":"BDI",
       "name":"Burundi",
       "calling_code":"257",
       "currency_symbol":"BIF"
    },
    {
       "capital":"Minsk",
       "citizenship":"Belarusian",
       "country_code":"112",
       "currency_name":"Belarusian rouble",
       "currency_code":"BYR",
       "full_name":"Republic of Belarus",
       "iso_3166_2":"BY",
       "iso_3166_3":"BLR",
       "name":"Belarus",
       "calling_code":"375",
       "currency_symbol":"p."
    },
    {
       "capital":"Phnom Penh",
       "citizenship":"Cambodian",
       "country_code":"116",
       "currency_name":"riel",
       "currency_code":"KHR",
       "full_name":"Kingdom of Cambodia",
       "iso_3166_2":"KH",
       "iso_3166_3":"KHM",
       "name":"Cambodia",
       "calling_code":"855",
       "currency_symbol":"\u17db"
    },
    {
       "capital":"Yaound\u00e9",
       "citizenship":"Cameroonian",
       "country_code":"120",
       "currency_name":"CFA franc (BEAC)",
       "currency_code":"XAF",
       "full_name":"Republic of Cameroon",
       "iso_3166_2":"CM",
       "iso_3166_3":"CMR",
       "name":"Cameroon",
       "calling_code":"237",
       "currency_symbol":"FCF"
    },
    {
       "capital":"Ottawa",
       "citizenship":"Canadian",
       "country_code":"124",
       "currency_name":"Canadian dollar",
       "currency_code":"CAD",
       "full_name":"Canada",
       "iso_3166_2":"CA",
       "iso_3166_3":"CAN",
       "name":"Canada",
       "calling_code":"1",
       "currency_symbol":"$"
    },
    {
       "capital":"Praia",
       "citizenship":"Cape Verdean",
       "country_code":"132",
       "currency_name":"Cape Verde escudo",
       "currency_code":"CVE",
       "full_name":"Republic of Cape Verde",
       "iso_3166_2":"CV",
       "iso_3166_3":"CPV",
       "name":"Cape Verde",
       "calling_code":"238",
       "currency_symbol":"CVE"
    },
    {
       "capital":"George Town",
       "citizenship":"Caymanian",
       "country_code":"136",
       "currency_name":"Cayman Islands dollar",
       "currency_code":"KYD",
       "full_name":"Cayman Islands",
       "iso_3166_2":"KY",
       "iso_3166_3":"CYM",
       "name":"Cayman Islands",
       "calling_code":"1",
       "currency_symbol":"$"
    },
    {
       "capital":"Bangui",
       "citizenship":"Central African",
       "country_code":"140",
       "currency_name":"CFA franc (BEAC)",
       "currency_code":"XAF",
       "full_name":"Central African Republic",
       "iso_3166_2":"CF",
       "iso_3166_3":"CAF",
       "name":"Central African Republic",
       "calling_code":"236",
       "currency_symbol":"CFA"
    },
    {
       "capital":"Colombo",
       "citizenship":"Sri Lankan",
       "country_code":"144",
       "currency_name":"Sri Lankan rupee",
       "currency_code":"LKR",
       "full_name":"Democratic Socialist Republic of Sri Lanka",
       "iso_3166_2":"LK",
       "iso_3166_3":"LKA",
       "name":"Sri Lanka",
       "calling_code":"94",
       "currency_symbol":"\u20a8"
    },
    {
       "capital":"N\u2019Djamena",
       "citizenship":"Chadian",
       "country_code":"148",
       "currency_name":"CFA franc (BEAC)",
       "currency_code":"XAF",
       "full_name":"Republic of Chad",
       "iso_3166_2":"TD",
       "iso_3166_3":"TCD",
       "name":"Chad",
       "calling_code":"235",
       "currency_symbol":"XAF"
    },
    {
       "capital":"Santiago",
       "citizenship":"Chilean",
       "country_code":"152",
       "currency_name":"Chilean peso",
       "currency_code":"CLP",
       "full_name":"Republic of Chile",
       "iso_3166_2":"CL",
       "iso_3166_3":"CHL",
       "name":"Chile",
       "calling_code":"56",
       "currency_symbol":"CLP"
    },
    {
       "capital":"Beijing",
       "citizenship":"Chinese",
       "country_code":"156",
       "currency_name":"renminbi-yuan (inv.)",
       "currency_code":"CNY",
       "full_name":"People\u2019s Republic of China",
       "iso_3166_2":"CN",
       "iso_3166_3":"CHN",
       "name":"China",
       "calling_code":"86",
       "currency_symbol":"\u00a5"
    },
    {
       "capital":"Taipei",
       "citizenship":"Taiwanese",
       "country_code":"158",
       "currency_name":"new Taiwan dollar",
       "currency_code":"TWD",
       "full_name":"Republic of China, Taiwan (TW1)",
       "iso_3166_2":"TW",
       "iso_3166_3":"TWN",
       "name":"Taiwan, Province of China",
       "calling_code":"886",
       "currency_symbol":"NT$"
    },
    {
       "capital":"Flying Fish Cove",
       "citizenship":"Christmas Islander",
       "country_code":"162",
       "currency_name":"Australian dollar",
       "currency_code":"AUD",
       "full_name":"Christmas Island Territory",
       "iso_3166_2":"CX",
       "iso_3166_3":"CXR",
       "name":"Christmas Island",
       "calling_code":"61",
       "currency_symbol":"$"
    },
    {
       "capital":"Bantam",
       "citizenship":"Cocos Islander",
       "country_code":"166",
       "currency_name":"Australian dollar",
       "currency_code":"AUD",
       "full_name":"Territory of Cocos (Keeling) Islands",
       "iso_3166_2":"CC",
       "iso_3166_3":"CCK",
       "name":"Cocos (Keeling) Islands",
       "calling_code":"61",
       "currency_symbol":"$"
    },
    {
       "capital":"Santa Fe de Bogot\u00e1",
       "citizenship":"Colombian",
       "country_code":"170",
       "currency_name":"Colombian peso",
       "currency_code":"COP",
       "full_name":"Republic of Colombia",
       "iso_3166_2":"CO",
       "iso_3166_3":"COL",
       "name":"Colombia",
       "calling_code":"57",
       "currency_symbol":"$"
    },
    {
       "capital":"Moroni",
       "citizenship":"Comorian",
       "country_code":"174",
       "currency_name":"Comorian franc",
       "currency_code":"KMF",
       "full_name":"Union of the Comoros",
       "iso_3166_2":"KM",
       "iso_3166_3":"COM",
       "name":"Comoros",
       "calling_code":"269",
       "currency_symbol":"KMF"
    },
    {
       "capital":"Mamoudzou",
       "citizenship":"Mahorais",
       "country_code":"175",
       "currency_name":"euro",
       "currency_code":"EUR",
       "full_name":"Departmental Collectivity of Mayotte",
       "iso_3166_2":"YT",
       "iso_3166_3":"MYT",
       "name":"Mayotte",
       "calling_code":"262",
       "currency_symbol":"\u20ac"
    },
    {
       "capital":"Brazzaville",
       "citizenship":"Congolese",
       "country_code":"178",
       "currency_name":"CFA franc (BEAC)",
       "currency_code":"XAF",
       "full_name":"Republic of the Congo",
       "iso_3166_2":"CG",
       "iso_3166_3":"COG",
       "name":"Congo",
       "calling_code":"242",
       "currency_symbol":"FCF"
    },
    {
       "capital":"Kinshasa",
       "citizenship":"Congolese",
       "country_code":"180",
       "currency_name":"Congolese franc",
       "currency_code":"CDF",
       "full_name":"Democratic Republic of the Congo",
       "iso_3166_2":"CD",
       "iso_3166_3":"COD",
       "name":"Congo, the Democratic Republic of the",
       "calling_code":"243",
       "currency_symbol":"CDF"
    },
    {
       "capital":"Avarua",
       "citizenship":"Cook Islander",
       "country_code":"184",
       "currency_name":"New Zealand dollar",
       "currency_code":"NZD",
       "full_name":"Cook Islands",
       "iso_3166_2":"CK",
       "iso_3166_3":"COK",
       "name":"Cook Islands",
       "calling_code":"682",
       "currency_symbol":"$"
    },
    {
       "capital":"San Jos\u00e9",
       "citizenship":"Costa Rican",
       "country_code":"188",
       "currency_name":"Costa Rican col\u00f3n (pl. colones)",
       "currency_code":"CRC",
       "full_name":"Republic of Costa Rica",
       "iso_3166_2":"CR",
       "iso_3166_3":"CRI",
       "name":"Costa Rica",
       "calling_code":"506",
       "currency_symbol":"\u20a1"
    },
    {
       "capital":"Zagreb",
       "citizenship":"Croatian",
       "country_code":"191",
       "currency_name":"kuna (inv.)",
       "currency_code":"HRK",
       "full_name":"Republic of Croatia",
       "iso_3166_2":"HR",
       "iso_3166_3":"HRV",
       "name":"Croatia",
       "calling_code":"385",
       "currency_symbol":"kn"
    },
    {
       "capital":"Havana",
       "citizenship":"Cuban",
       "country_code":"192",
       "currency_name":"Cuban peso",
       "currency_code":"CUP",
       "full_name":"Republic of Cuba",
       "iso_3166_2":"CU",
       "iso_3166_3":"CUB",
       "name":"Cuba",
       "calling_code":"53",
       "currency_symbol":"\u20b1"
    },
    {
       "capital":"Nicosia",
       "citizenship":"Cypriot",
       "country_code":"196",
       "currency_name":"euro",
       "currency_code":"EUR",
       "full_name":"Republic of Cyprus",
       "iso_3166_2":"CY",
       "iso_3166_3":"CYP",
       "name":"Cyprus",
       "calling_code":"357",
       "currency_symbol":"CYP"
    },
    {
       "capital":"Prague",
       "citizenship":"Czech",
       "country_code":"203",
       "currency_name":"Czech koruna (pl. koruny)",
       "currency_code":"CZK",
       "full_name":"Czech Republic",
       "iso_3166_2":"CZ",
       "iso_3166_3":"CZE",
       "name":"Czech Republic",
       "calling_code":"420",
       "currency_symbol":"K\u010d"
    },
    {
       "capital":"Porto Novo (BJ1)",
       "citizenship":"Beninese",
       "country_code":"204",
       "currency_name":"CFA franc (BCEAO)",
       "currency_code":"XOF",
       "full_name":"Republic of Benin",
       "iso_3166_2":"BJ",
       "iso_3166_3":"BEN",
       "name":"Benin",
       "calling_code":"229",
       "currency_symbol":"XOF"
    },
    {
       "capital":"Copenhagen",
       "citizenship":"Danish",
       "country_code":"208",
       "currency_name":"Danish krone",
       "currency_code":"DKK",
       "full_name":"Kingdom of Denmark",
       "iso_3166_2":"DK",
       "iso_3166_3":"DNK",
       "name":"Denmark",
       "calling_code":"45",
       "currency_symbol":"kr"
    },
    {
       "capital":"Roseau",
       "citizenship":"Dominican",
       "country_code":"212",
       "currency_name":"East Caribbean dollar",
       "currency_code":"XCD",
       "full_name":"Commonwealth of Dominica",
       "iso_3166_2":"DM",
       "iso_3166_3":"DMA",
       "name":"Dominica",
       "calling_code":"1",
       "currency_symbol":"$"
    },
    {
       "capital":"Santo Domingo",
       "citizenship":"Dominican",
       "country_code":"214",
       "currency_name":"Dominican peso",
       "currency_code":"DOP",
       "full_name":"Dominican Republic",
       "iso_3166_2":"DO",
       "iso_3166_3":"DOM",
       "name":"Dominican Republic",
       "calling_code":"1",
       "currency_symbol":"RD$"
    },
    {
       "capital":"Quito",
       "citizenship":"Ecuadorian",
       "country_code":"218",
       "currency_name":"US dollar",
       "currency_code":"USD",
       "full_name":"Republic of Ecuador",
       "iso_3166_2":"EC",
       "iso_3166_3":"ECU",
       "name":"Ecuador",
       "calling_code":"593",
       "currency_symbol":"$"
    },
    {
       "capital":"San Salvador",
       "citizenship":"Salvadoran",
       "country_code":"222",
       "currency_name":"Salvadorian col\u00f3n (pl. colones)",
       "currency_code":"SVC",
       "full_name":"Republic of El Salvador",
       "iso_3166_2":"SV",
       "iso_3166_3":"SLV",
       "name":"El Salvador",
       "calling_code":"503",
       "currency_symbol":"$"
    },
    {
       "capital":"Malabo",
       "citizenship":"Equatorial Guinean",
       "country_code":"226",
       "currency_name":"CFA franc (BEAC)",
       "currency_code":"XAF",
       "full_name":"Republic of Equatorial Guinea",
       "iso_3166_2":"GQ",
       "iso_3166_3":"GNQ",
       "name":"Equatorial Guinea",
       "calling_code":"240",
       "currency_symbol":"FCF"
    },
    {
       "capital":"Addis Ababa",
       "citizenship":"Ethiopian",
       "country_code":"231",
       "currency_name":"birr (inv.)",
       "currency_code":"ETB",
       "full_name":"Federal Democratic Republic of Ethiopia",
       "iso_3166_2":"ET",
       "iso_3166_3":"ETH",
       "name":"Ethiopia",
       "calling_code":"251",
       "currency_symbol":"ETB"
    },
    {
       "capital":"Asmara",
       "citizenship":"Eritrean",
       "country_code":"232",
       "currency_name":"nakfa",
       "currency_code":"ERN",
       "full_name":"State of Eritrea",
       "iso_3166_2":"ER",
       "iso_3166_3":"ERI",
       "name":"Eritrea",
       "calling_code":"291",
       "currency_symbol":"Nfk"
    },
    {
       "capital":"Tallinn",
       "citizenship":"Estonian",
       "country_code":"233",
       "currency_name":"euro",
       "currency_code":"EUR",
       "full_name":"Republic of Estonia",
       "iso_3166_2":"EE",
       "iso_3166_3":"EST",
       "name":"Estonia",
       "calling_code":"372",
       "currency_symbol":"kr"
    },
    {
       "capital":"T\u00f3rshavn",
       "citizenship":"Faeroese",
       "country_code":"234",
       "currency_name":"Danish krone",
       "currency_code":"DKK",
       "full_name":"Faeroe Islands",
       "iso_3166_2":"FO",
       "iso_3166_3":"FRO",
       "name":"Faroe Islands",
       "calling_code":"298",
       "currency_symbol":"kr"
    },
    {
       "capital":"Stanley",
       "citizenship":"Falkland Islander",
       "country_code":"238",
       "currency_name":"Falkland Islands pound",
       "currency_code":"FKP",
       "full_name":"Falkland Islands",
       "iso_3166_2":"FK",
       "iso_3166_3":"FLK",
       "name":"Falkland Islands (Malvinas)",
       "calling_code":"500",
       "currency_symbol":"\u00a3"
    },
    {
       "capital":"King Edward Point (Grytviken)",
       "citizenship":"of South Georgia and the South Sandwich Islands",
       "country_code":"239",
       "currency_name":"",
       "currency_code":"",
       "full_name":"South Georgia and the South Sandwich Islands",
       "iso_3166_2":"GS",
       "iso_3166_3":"SGS",
       "name":"South Georgia and the South Sandwich Islands",
       "calling_code":"44",
       "currency_symbol":"\u00a3"
    },
    {
       "capital":"Suva",
       "citizenship":"Fijian",
       "country_code":"242",
       "currency_name":"Fiji dollar",
       "currency_code":"FJD",
       "full_name":"Republic of Fiji",
       "iso_3166_2":"FJ",
       "iso_3166_3":"FJI",
       "name":"Fiji",
       "calling_code":"679",
       "currency_symbol":"$"
    },
    {
       "capital":"Helsinki",
       "citizenship":"Finnish",
       "country_code":"246",
       "currency_name":"euro",
       "currency_code":"EUR",
       "full_name":"Republic of Finland",
       "iso_3166_2":"FI",
       "iso_3166_3":"FIN",
       "name":"Finland",
       "calling_code":"358",
       "currency_symbol":"\u20ac"
    },
    {
       "capital":"Mariehamn",
       "citizenship":"\u00c5land Islander",
       "country_code":"248",
       "currency_name":"euro",
       "currency_code":"EUR",
       "full_name":"\u00c5land Islands",
       "iso_3166_2":"AX",
       "iso_3166_3":"ALA",
       "name":"\u00c5land Islands",
       "calling_code":"358"
    },
    {
       "capital":"Paris",
       "citizenship":"French",
       "country_code":"250",
       "currency_name":"euro",
       "currency_code":"EUR",
       "full_name":"French Republic",
       "iso_3166_2":"FR",
       "iso_3166_3":"FRA",
       "name":"France",
       "calling_code":"33",
       "currency_symbol":"\u20ac"
    },
    {
       "capital":"Cayenne",
       "citizenship":"Guianese",
       "country_code":"254",
       "currency_name":"euro",
       "currency_code":"EUR",
       "full_name":"French Guiana",
       "iso_3166_2":"GF",
       "iso_3166_3":"GUF",
       "name":"French Guiana",
       "calling_code":"594",
       "currency_symbol":"\u20ac"
    },
    {
       "capital":"Papeete",
       "citizenship":"Polynesian",
       "country_code":"258",
       "currency_name":"CFP franc",
       "currency_code":"XPF",
       "full_name":"French Polynesia",
       "iso_3166_2":"PF",
       "iso_3166_3":"PYF",
       "name":"French Polynesia",
       "calling_code":"689",
       "currency_symbol":"XPF"
    },
    {
       "capital":"Port-aux-Francais",
       "citizenship":"of French Southern and Antarctic Lands",
       "country_code":"260",
       "currency_name":"euro",
       "currency_code":"EUR",
       "full_name":"French Southern and Antarctic Lands",
       "iso_3166_2":"TF",
       "iso_3166_3":"ATF",
       "name":"French Southern Territories",
       "calling_code":"33",
       "currency_symbol":"\u20ac"
    },
    {
       "capital":"Djibouti",
       "citizenship":"Djiboutian",
       "country_code":"262",
       "currency_name":"Djibouti franc",
       "currency_code":"DJF",
       "full_name":"Republic of Djibouti",
       "iso_3166_2":"DJ",
       "iso_3166_3":"DJI",
       "name":"Djibouti",
       "calling_code":"253",
       "currency_symbol":"DJF"
    },
    {
       "capital":"Libreville",
       "citizenship":"Gabonese",
       "country_code":"266",
       "currency_name":"CFA franc (BEAC)",
       "currency_code":"XAF",
       "full_name":"Gabonese Republic",
       "iso_3166_2":"GA",
       "iso_3166_3":"GAB",
       "name":"Gabon",
       "calling_code":"241",
       "currency_symbol":"FCF"
    },
    {
       "capital":"Tbilisi",
       "citizenship":"Georgian",
       "country_code":"268",
       "currency_name":"lari",
       "currency_code":"GEL",
       "full_name":"Georgia",
       "iso_3166_2":"GE",
       "iso_3166_3":"GEO",
       "name":"Georgia",
       "calling_code":"995",
       "currency_symbol":"GEL"
    },
    {
       "capital":"Banjul",
       "citizenship":"Gambian",
       "country_code":"270",
       "currency_name":"dalasi (inv.)",
       "currency_code":"GMD",
       "full_name":"Republic of the Gambia",
       "iso_3166_2":"GM",
       "iso_3166_3":"GMB",
       "name":"Gambia",
       "calling_code":"220",
       "currency_symbol":"D"
    },
    {
       "citizenship":"Palestinian",
       "country_code":"275",
       "iso_3166_2":"PS",
       "iso_3166_3":"PSE",
       "name":"Palestinian Territory, Occupied",
       "calling_code":"970",
       "currency_symbol":"\u20aa"
    },
    {
       "capital":"Berlin",
       "citizenship":"German",
       "country_code":"276",
       "currency_name":"euro",
       "currency_code":"EUR",
       "full_name":"Federal Republic of Germany",
       "iso_3166_2":"DE",
       "iso_3166_3":"DEU",
       "name":"Germany",
       "calling_code":"49",
       "currency_symbol":"\u20ac"
    },
    {
       "capital":"Accra",
       "citizenship":"Ghanaian",
       "country_code":"288",
       "currency_name":"Ghana cedi",
       "currency_code":"GHS",
       "full_name":"Republic of Ghana",
       "iso_3166_2":"GH",
       "iso_3166_3":"GHA",
       "name":"Ghana",
       "calling_code":"233",
       "currency_symbol":"\u00a2"
    },
    {
       "capital":"Gibraltar",
       "citizenship":"Gibraltarian",
       "country_code":"292",
       "currency_name":"Gibraltar pound",
       "currency_code":"GIP",
       "full_name":"Gibraltar",
       "iso_3166_2":"GI",
       "iso_3166_3":"GIB",
       "name":"Gibraltar",
       "calling_code":"350",
       "currency_symbol":"\u00a3"
    },
    {
       "capital":"Tarawa",
       "citizenship":"Kiribatian",
       "country_code":"296",
       "currency_name":"Australian dollar",
       "currency_code":"AUD",
       "full_name":"Republic of Kiribati",
       "iso_3166_2":"KI",
       "iso_3166_3":"KIR",
       "name":"Kiribati",
       "calling_code":"686",
       "currency_symbol":"$"
    },
    {
       "capital":"Athens",
       "citizenship":"Greek",
       "country_code":"300",
       "currency_name":"euro",
       "currency_code":"EUR",
       "full_name":"Hellenic Republic",
       "iso_3166_2":"GR",
       "iso_3166_3":"GRC",
       "name":"Greece",
       "calling_code":"30",
       "currency_symbol":"\u20ac"
    },
    {
       "capital":"Nuuk",
       "citizenship":"Greenlander",
       "country_code":"304",
       "currency_name":"Danish krone",
       "currency_code":"DKK",
       "full_name":"Greenland",
       "iso_3166_2":"GL",
       "iso_3166_3":"GRL",
       "name":"Greenland",
       "calling_code":"299",
       "currency_symbol":"kr"
    },
    {
       "capital":"St George\u2019s",
       "citizenship":"Grenadian",
       "country_code":"308",
       "currency_name":"East Caribbean dollar",
       "currency_code":"XCD",
       "full_name":"Grenada",
       "iso_3166_2":"GD",
       "iso_3166_3":"GRD",
       "name":"Grenada",
       "calling_code":"1",
       "currency_symbol":"$"
    },
    {
       "capital":"Basse Terre",
       "citizenship":"Guadeloupean",
       "country_code":"312",
       "currency_name":"euro",
       "currency_code":"EUR ",
       "full_name":"Guadeloupe",
       "iso_3166_2":"GP",
       "iso_3166_3":"GLP",
       "name":"Guadeloupe",
       "calling_code":"590",
       "currency_symbol":"\u20ac"
    },
    {
       "capital":"Aga\u00f1a (Hag\u00e5t\u00f1a)",
       "citizenship":"Guamanian",
       "country_code":"316",
       "currency_name":"US dollar",
       "currency_code":"USD",
       "full_name":"Territory of Guam",
       "iso_3166_2":"GU",
       "iso_3166_3":"GUM",
       "name":"Guam",
       "calling_code":"1",
       "currency_symbol":"$"
    },
    {
       "capital":"Guatemala City",
       "citizenship":"Guatemalan",
       "country_code":"320",
       "currency_name":"quetzal (pl. quetzales)",
       "currency_code":"GTQ",
       "full_name":"Republic of Guatemala",
       "iso_3166_2":"GT",
       "iso_3166_3":"GTM",
       "name":"Guatemala",
       "calling_code":"502",
       "currency_symbol":"Q"
    },
    {
       "capital":"Conakry",
       "citizenship":"Guinean",
       "country_code":"324",
       "currency_name":"Guinean franc",
       "currency_code":"GNF",
       "full_name":"Republic of Guinea",
       "iso_3166_2":"GN",
       "iso_3166_3":"GIN",
       "name":"Guinea",
       "calling_code":"224",
       "currency_symbol":"GNF"
    },
    {
       "capital":"Georgetown",
       "citizenship":"Guyanese",
       "country_code":"328",
       "currency_name":"Guyana dollar",
       "currency_code":"GYD",
       "full_name":"Cooperative Republic of Guyana",
       "iso_3166_2":"GY",
       "iso_3166_3":"GUY",
       "name":"Guyana",
       "calling_code":"592",
       "currency_symbol":"$"
    },
    {
       "capital":"Port-au-Prince",
       "citizenship":"Haitian",
       "country_code":"332",
       "currency_name":"gourde",
       "currency_code":"HTG",
       "full_name":"Republic of Haiti",
       "iso_3166_2":"HT",
       "iso_3166_3":"HTI",
       "name":"Haiti",
       "calling_code":"509",
       "currency_symbol":"G"
    },
    {
       "capital":"Territory of Heard Island and McDonald Islands",
       "citizenship":"of Territory of Heard Island and McDonald Islands",
       "country_code":"334",
       "currency_name":"",
       "currency_code":"",
       "full_name":"Territory of Heard Island and McDonald Islands",
       "iso_3166_2":"HM",
       "iso_3166_3":"HMD",
       "name":"Heard Island and McDonald Islands",
       "calling_code":"61",
       "currency_symbol":"$"
    },
    {
       "capital":"Vatican City",
       "citizenship":"of the Holy See\/of the Vatican",
       "country_code":"336",
       "currency_name":"euro",
       "currency_code":"EUR",
       "full_name":"the Holy See\/ Vatican City State",
       "iso_3166_2":"VA",
       "iso_3166_3":"VAT",
       "name":"Holy See (Vatican City State)",
       "calling_code":"39",
       "currency_symbol":"\u20ac"
    },
    {
       "capital":"Tegucigalpa",
       "citizenship":"Honduran",
       "country_code":"340",
       "currency_name":"lempira",
       "currency_code":"HNL",
       "full_name":"Republic of Honduras",
       "iso_3166_2":"HN",
       "iso_3166_3":"HND",
       "name":"Honduras",
       "calling_code":"504",
       "currency_symbol":"L"
    },
    {
       "capital":"(HK3)",
       "citizenship":"Hong Kong Chinese",
       "country_code":"344",
       "currency_name":"Hong Kong dollar",
       "currency_code":"HKD",
       "full_name":"Hong Kong Special Administrative Region of the People\u2019s Republic of China (HK2)",
       "iso_3166_2":"HK",
       "iso_3166_3":"HKG",
       "name":"Hong Kong",
       "calling_code":"852",
       "currency_symbol":"$"
    },
    {
       "capital":"Budapest",
       "citizenship":"Hungarian",
       "country_code":"348",
       "currency_name":"forint (inv.)",
       "currency_code":"HUF",
       "full_name":"Republic of Hungary",
       "iso_3166_2":"HU",
       "iso_3166_3":"HUN",
       "name":"Hungary",
       "calling_code":"36",
       "currency_symbol":"Ft"
    },
    {
       "capital":"Reykjavik",
       "citizenship":"Icelander",
       "country_code":"352",
       "currency_name":"kr\u00f3na (pl. kr\u00f3nur)",
       "currency_code":"ISK",
       "full_name":"Republic of Iceland",
       "iso_3166_2":"IS",
       "iso_3166_3":"ISL",
       "name":"Iceland",
       "calling_code":"354",
       "currency_symbol":"kr"
    },
    {
       "capital":"New Delhi",
       "citizenship":"Indian",
       "country_code":"356",
       "currency_name":"Indian rupee",
       "currency_code":"INR",
       "full_name":"Republic of India",
       "iso_3166_2":"IN",
       "iso_3166_3":"IND",
       "name":"India",
       "calling_code":"91",
       "currency_symbol":"\u20b9"
    },
    {
       "capital":"Jakarta",
       "citizenship":"Indonesian",
       "country_code":"360",
       "currency_name":"Indonesian rupiah (inv.)",
       "currency_code":"IDR",
       "full_name":"Republic of Indonesia",
       "iso_3166_2":"ID",
       "iso_3166_3":"IDN",
       "name":"Indonesia",
       "calling_code":"62",
       "currency_symbol":"Rp"
    },
    {
       "capital":"Tehran",
       "citizenship":"Iranian",
       "country_code":"364",
       "currency_name":"Iranian rial",
       "currency_code":"IRR",
       "full_name":"Islamic Republic of Iran",
       "iso_3166_2":"IR",
       "iso_3166_3":"IRN",
       "name":"Iran, Islamic Republic of",
       "calling_code":"98",
       "currency_symbol":"\ufdfc"
    },
    {
       "capital":"Baghdad",
       "citizenship":"Iraqi",
       "country_code":"368",
       "currency_name":"Iraqi dinar",
       "currency_code":"IQD",
       "full_name":"Republic of Iraq",
       "iso_3166_2":"IQ",
       "iso_3166_3":"IRQ",
       "name":"Iraq",
       "calling_code":"964",
       "currency_symbol":"IQD"
    },
    {
       "capital":"Dublin",
       "citizenship":"Irish",
       "country_code":"372",
       "currency_name":"euro",
       "currency_code":"EUR",
       "full_name":"Ireland (IE1)",
       "iso_3166_2":"IE",
       "iso_3166_3":"IRL",
       "name":"Ireland",
       "calling_code":"353",
       "currency_symbol":"\u20ac"
    },
    {
       "capital":"(IL1)",
       "citizenship":"Israeli",
       "country_code":"376",
       "currency_name":"shekel",
       "currency_code":"ILS",
       "full_name":"State of Israel",
       "iso_3166_2":"IL",
       "iso_3166_3":"ISR",
       "name":"Israel",
       "calling_code":"972",
       "currency_symbol":"\u20aa"
    },
    {
       "capital":"Rome",
       "citizenship":"Italian",
       "country_code":"380",
       "currency_name":"euro",
       "currency_code":"EUR",
       "full_name":"Italian Republic",
       "iso_3166_2":"IT",
       "iso_3166_3":"ITA",
       "name":"Italy",
       "calling_code":"39",
       "currency_symbol":"\u20ac"
    },
    {
       "capital":"Yamoussoukro (CI1)",
       "citizenship":"Ivorian",
       "country_code":"384",
       "currency_name":"CFA franc (BCEAO)",
       "currency_code":"XOF",
       "full_name":"Republic of C\u00f4te d\u2019Ivoire",
       "iso_3166_2":"CI",
       "iso_3166_3":"CIV",
       "name":"C\u00f4te d'Ivoire",
       "calling_code":"225",
       "currency_symbol":"XOF"
    },
    {
       "capital":"Kingston",
       "citizenship":"Jamaican",
       "country_code":"388",
       "currency_name":"Jamaica dollar",
       "currency_code":"JMD",
       "full_name":"Jamaica",
       "iso_3166_2":"JM",
       "iso_3166_3":"JAM",
       "name":"Jamaica",
       "calling_code":"1",
       "currency_symbol":"$"
    },
    {
       "capital":"Tokyo",
       "citizenship":"Japanese",
       "country_code":"392",
       "currency_name":"yen (inv.)",
       "currency_code":"JPY",
       "full_name":"Japan",
       "iso_3166_2":"JP",
       "iso_3166_3":"JPN",
       "name":"Japan",
       "calling_code":"81",
       "currency_symbol":"\u00a5"
    },
    {
       "capital":"Astana",
       "citizenship":"Kazakh",
       "country_code":"398",
       "currency_name":"tenge (inv.)",
       "currency_code":"KZT",
       "full_name":"Republic of Kazakhstan",
       "iso_3166_2":"KZ",
       "iso_3166_3":"KAZ",
       "name":"Kazakhstan",
       "calling_code":"7",
       "currency_symbol":"\u043b\u0432"
    },
    {
       "capital":"Amman",
       "citizenship":"Jordanian",
       "country_code":"400",
       "currency_name":"Jordanian dinar",
       "currency_code":"JOD",
       "full_name":"Hashemite Kingdom of Jordan",
       "iso_3166_2":"JO",
       "iso_3166_3":"JOR",
       "name":"Jordan",
       "calling_code":"962",
       "currency_symbol":"JOD"
    },
    {
       "capital":"Nairobi",
       "citizenship":"Kenyan",
       "country_code":"404",
       "currency_name":"Kenyan shilling",
       "currency_code":"KES",
       "full_name":"Republic of Kenya",
       "iso_3166_2":"KE",
       "iso_3166_3":"KEN",
       "name":"Kenya",
       "calling_code":"254",
       "currency_symbol":"KES"
    },
    {
       "capital":"Pyongyang",
       "citizenship":"North Korean",
       "country_code":"408",
       "currency_name":"North Korean won (inv.)",
       "currency_code":"KPW",
       "full_name":"Democratic People\u2019s Republic of Korea",
       "iso_3166_2":"KP",
       "iso_3166_3":"PRK",
       "name":"Korea, Democratic People's Republic of",
       "calling_code":"850",
       "currency_symbol":"\u20a9"
    },
    {
       "capital":"Seoul",
       "citizenship":"South Korean",
       "country_code":"410",
       "currency_name":"South Korean won (inv.)",
       "currency_code":"KRW",
       "full_name":"Republic of Korea",
       "iso_3166_2":"KR",
       "iso_3166_3":"KOR",
       "name":"Korea, Republic of",
       "calling_code":"82",
       "currency_symbol":"\u20a9"
    },
    {
       "capital":"Kuwait City",
       "citizenship":"Kuwaiti",
       "country_code":"414",
       "currency_name":"Kuwaiti dinar",
       "currency_code":"KWD",
       "full_name":"State of Kuwait",
       "iso_3166_2":"KW",
       "iso_3166_3":"KWT",
       "name":"Kuwait",
       "calling_code":"965",
       "currency_symbol":"KWD"
    },
    {
       "capital":"Bishkek",
       "citizenship":"Kyrgyz",
       "country_code":"417",
       "currency_name":"som",
       "currency_code":"KGS",
       "full_name":"Kyrgyz Republic",
       "iso_3166_2":"KG",
       "iso_3166_3":"KGZ",
       "name":"Kyrgyzstan",
       "calling_code":"996",
       "currency_symbol":"\u043b\u0432"
    },
    {
       "capital":"Vientiane",
       "citizenship":"Lao",
       "country_code":"418",
       "currency_name":"kip (inv.)",
       "currency_code":"LAK",
       "full_name":"Lao People\u2019s Democratic Republic",
       "iso_3166_2":"LA",
       "iso_3166_3":"LAO",
       "name":"Lao People's Democratic Republic",
       "calling_code":"856",
       "currency_symbol":"\u20ad"
    },
    {
       "capital":"Beirut",
       "citizenship":"Lebanese",
       "country_code":"422",
       "currency_name":"Lebanese pound",
       "currency_code":"LBP",
       "full_name":"Lebanese Republic",
       "iso_3166_2":"LB",
       "iso_3166_3":"LBN",
       "name":"Lebanon",
       "calling_code":"961",
       "currency_symbol":"\u00a3"
    },
    {
       "capital":"Maseru",
       "citizenship":"Basotho",
       "country_code":"426",
       "currency_name":"loti (pl. maloti)",
       "currency_code":"LSL",
       "full_name":"Kingdom of Lesotho",
       "iso_3166_2":"LS",
       "iso_3166_3":"LSO",
       "name":"Lesotho",
       "calling_code":"266",
       "currency_symbol":"L"
    },
    {
       "capital":"Riga",
       "citizenship":"Latvian",
       "country_code":"428",
       "currency_name":"euro",
       "currency_code":"EUR",
       "full_name":"Republic of Latvia",
       "iso_3166_2":"LV",
       "iso_3166_3":"LVA",
       "name":"Latvia",
       "calling_code":"371",
       "currency_symbol":"Ls"
    },
    {
       "capital":"Monrovia",
       "citizenship":"Liberian",
       "country_code":"430",
       "currency_name":"Liberian dollar",
       "currency_code":"LRD",
       "full_name":"Republic of Liberia",
       "iso_3166_2":"LR",
       "iso_3166_3":"LBR",
       "name":"Liberia",
       "calling_code":"231",
       "currency_symbol":"$"
    },
    {
       "capital":"Tripoli",
       "citizenship":"Libyan",
       "country_code":"434",
       "currency_name":"Libyan dinar",
       "currency_code":"LYD",
       "full_name":"Socialist People\u2019s Libyan Arab Jamahiriya",
       "iso_3166_2":"LY",
       "iso_3166_3":"LBY",
       "name":"Libya",
       "calling_code":"218",
       "currency_symbol":"LYD"
    },
    {
       "capital":"Vaduz",
       "citizenship":"Liechtensteiner",
       "country_code":"438",
       "currency_name":"Swiss franc",
       "currency_code":"CHF",
       "full_name":"Principality of Liechtenstein",
       "iso_3166_2":"LI",
       "iso_3166_3":"LIE",
       "name":"Liechtenstein",
       "calling_code":"423",
       "currency_symbol":"CHF"
    },
    {
       "capital":"Vilnius",
       "citizenship":"Lithuanian",
       "country_code":"440",
       "currency_name":"euro",
       "currency_code":"EUR",
       "full_name":"Republic of Lithuania",
       "iso_3166_2":"LT",
       "iso_3166_3":"LTU",
       "name":"Lithuania",
       "calling_code":"370",
       "currency_symbol":"Lt"
    },
    {
       "capital":"Luxembourg",
       "citizenship":"Luxembourger",
       "country_code":"442",
       "currency_name":"euro",
       "currency_code":"EUR",
       "full_name":"Grand Duchy of Luxembourg",
       "iso_3166_2":"LU",
       "iso_3166_3":"LUX",
       "name":"Luxembourg",
       "calling_code":"352",
       "currency_symbol":"\u20ac"
    },
    {
       "capital":"Macao (MO3)",
       "citizenship":"Macanese",
       "country_code":"446",
       "currency_name":"pataca",
       "currency_code":"MOP",
       "full_name":"Macao Special Administrative Region of the People\u2019s Republic of China (MO2)",
       "iso_3166_2":"MO",
       "iso_3166_3":"MAC",
       "name":"Macao",
       "calling_code":"853",
       "currency_symbol":"MOP"
    },
    {
       "capital":"Antananarivo",
       "citizenship":"Malagasy",
       "country_code":"450",
       "currency_name":"ariary",
       "currency_code":"MGA",
       "full_name":"Republic of Madagascar",
       "iso_3166_2":"MG",
       "iso_3166_3":"MDG",
       "name":"Madagascar",
       "calling_code":"261",
       "currency_symbol":"MGA"
    },
    {
       "capital":"Lilongwe",
       "citizenship":"Malawian",
       "country_code":"454",
       "currency_name":"Malawian kwacha (inv.)",
       "currency_code":"MWK",
       "full_name":"Republic of Malawi",
       "iso_3166_2":"MW",
       "iso_3166_3":"MWI",
       "name":"Malawi",
       "calling_code":"265",
       "currency_symbol":"MK"
    },
    {
       "capital":"Kuala Lumpur (MY1)",
       "citizenship":"Malaysian",
       "country_code":"458",
       "currency_name":"ringgit (inv.)",
       "currency_code":"MYR",
       "full_name":"Malaysia",
       "iso_3166_2":"MY",
       "iso_3166_3":"MYS",
       "name":"Malaysia",
       "calling_code":"60",
       "currency_symbol":"RM"
    },
    {
       "capital":"Mal\u00e9",
       "citizenship":"Maldivian",
       "country_code":"462",
       "currency_name":"rufiyaa",
       "currency_code":"MVR",
       "full_name":"Republic of Maldives",
       "iso_3166_2":"MV",
       "iso_3166_3":"MDV",
       "name":"Maldives",
       "calling_code":"960",
       "currency_symbol":"Rf"
    },
    {
       "capital":"Bamako",
       "citizenship":"Malian",
       "country_code":"466",
       "currency_name":"CFA franc (BCEAO)",
       "currency_code":"XOF",
       "full_name":"Republic of Mali",
       "iso_3166_2":"ML",
       "iso_3166_3":"MLI",
       "name":"Mali",
       "calling_code":"223",
       "currency_symbol":"XOF"
    },
    {
       "capital":"Valletta",
       "citizenship":"Maltese",
       "country_code":"470",
       "currency_name":"euro",
       "currency_code":"EUR",
       "full_name":"Republic of Malta",
       "iso_3166_2":"MT",
       "iso_3166_3":"MLT",
       "name":"Malta",
       "calling_code":"356",
       "currency_symbol":"MTL"
    },
    {
       "capital":"Fort-de-France",
       "citizenship":"Martinican",
       "country_code":"474",
       "currency_name":"euro",
       "currency_code":"EUR",
       "full_name":"Martinique",
       "iso_3166_2":"MQ",
       "iso_3166_3":"MTQ",
       "name":"Martinique",
       "calling_code":"596",
       "currency_symbol":"\u20ac"
    },
    {
       "capital":"Nouakchott",
       "citizenship":"Mauritanian",
       "country_code":"478",
       "currency_name":"ouguiya",
       "currency_code":"MRO",
       "full_name":"Islamic Republic of Mauritania",
       "iso_3166_2":"MR",
       "iso_3166_3":"MRT",
       "name":"Mauritania",
       "calling_code":"222",
       "currency_symbol":"UM"
    },
    {
       "capital":"Port Louis",
       "citizenship":"Mauritian",
       "country_code":"480",
       "currency_name":"Mauritian rupee",
       "currency_code":"MUR",
       "full_name":"Republic of Mauritius",
       "iso_3166_2":"MU",
       "iso_3166_3":"MUS",
       "name":"Mauritius",
       "calling_code":"230",
       "currency_symbol":"\u20a8"
    },
    {
       "capital":"Mexico City",
       "citizenship":"Mexican",
       "country_code":"484",
       "currency_name":"Mexican peso",
       "currency_code":"MXN",
       "full_name":"United Mexican States",
       "iso_3166_2":"MX",
       "iso_3166_3":"MEX",
       "name":"Mexico",
       "calling_code":"52",
       "currency_symbol":"$"
    },
    {
       "capital":"Monaco",
       "citizenship":"Monegasque",
       "country_code":"492",
       "currency_name":"euro",
       "currency_code":"EUR",
       "full_name":"Principality of Monaco",
       "iso_3166_2":"MC",
       "iso_3166_3":"MCO",
       "name":"Monaco",
       "calling_code":"377",
       "currency_symbol":"\u20ac"
    },
    {
       "capital":"Ulan Bator",
       "citizenship":"Mongolian",
       "country_code":"496",
       "currency_name":"tugrik",
       "currency_code":"MNT",
       "full_name":"Mongolia",
       "iso_3166_2":"MN",
       "iso_3166_3":"MNG",
       "name":"Mongolia",
       "calling_code":"976",
       "currency_symbol":"\u20ae"
    },
    {
       "capital":"Chisinau",
       "citizenship":"Moldovan",
       "country_code":"498",
       "currency_name":"Moldovan leu (pl. lei)",
       "currency_code":"MDL",
       "full_name":"Republic of Moldova",
       "iso_3166_2":"MD",
       "iso_3166_3":"MDA",
       "name":"Moldova, Republic of",
       "calling_code":"373",
       "currency_symbol":"MDL"
    },
    {
       "capital":"Podgorica",
       "citizenship":"Montenegrin",
       "country_code":"499",
       "currency_name":"euro",
       "currency_code":"EUR",
       "full_name":"Montenegro",
       "iso_3166_2":"ME",
       "iso_3166_3":"MNE",
       "name":"Montenegro",
       "calling_code":"382",
       "currency_symbol":"\u20ac"
    },
    {
       "capital":"Plymouth (MS2)",
       "citizenship":"Montserratian",
       "country_code":"500",
       "currency_name":"East Caribbean dollar",
       "currency_code":"XCD",
       "full_name":"Montserrat",
       "iso_3166_2":"MS",
       "iso_3166_3":"MSR",
       "name":"Montserrat",
       "calling_code":"1",
       "currency_symbol":"$"
    },
    {
       "capital":"Rabat",
       "citizenship":"Moroccan",
       "country_code":"504",
       "currency_name":"Moroccan dirham",
       "currency_code":"MAD",
       "full_name":"Kingdom of Morocco",
       "iso_3166_2":"MA",
       "iso_3166_3":"MAR",
       "name":"Morocco",
       "calling_code":"212",
       "currency_symbol":"MAD"
    },
    {
       "capital":"Maputo",
       "citizenship":"Mozambican",
       "country_code":"508",
       "currency_name":"metical",
       "currency_code":"MZN",
       "full_name":"Republic of Mozambique",
       "iso_3166_2":"MZ",
       "iso_3166_3":"MOZ",
       "name":"Mozambique",
       "calling_code":"258",
       "currency_symbol":"MT"
    },
    {
       "capital":"Muscat",
       "citizenship":"Omani",
       "country_code":"512",
       "currency_name":"Omani rial",
       "currency_code":"OMR",
       "full_name":"Sultanate of Oman",
       "iso_3166_2":"OM",
       "iso_3166_3":"OMN",
       "name":"Oman",
       "calling_code":"968",
       "currency_symbol":"\ufdfc"
    },
    {
       "capital":"Windhoek",
       "citizenship":"Namibian",
       "country_code":"516",
       "currency_name":"Namibian dollar",
       "currency_code":"NAD",
       "full_name":"Republic of Namibia",
       "iso_3166_2":"NA",
       "iso_3166_3":"NAM",
       "name":"Namibia",
       "calling_code":"264",
       "currency_symbol":"$"
    },
    {
       "capital":"Yaren",
       "citizenship":"Nauruan",
       "country_code":"520",
       "currency_name":"Australian dollar",
       "currency_code":"AUD",
       "full_name":"Republic of Nauru",
       "iso_3166_2":"NR",
       "iso_3166_3":"NRU",
       "name":"Nauru",
       "calling_code":"674",
       "currency_symbol":"$"
    },
    {
       "capital":"Kathmandu",
       "citizenship":"Nepalese",
       "country_code":"524",
       "currency_name":"Nepalese rupee",
       "currency_code":"NPR",
       "full_name":"Nepal",
       "iso_3166_2":"NP",
       "iso_3166_3":"NPL",
       "name":"Nepal",
       "calling_code":"977",
       "currency_symbol":"\u20a8"
    },
    {
       "capital":"Amsterdam (NL2)",
       "citizenship":"Dutch",
       "country_code":"528",
       "currency_name":"euro",
       "currency_code":"EUR",
       "full_name":"Kingdom of the Netherlands",
       "iso_3166_2":"NL",
       "iso_3166_3":"NLD",
       "name":"Netherlands",
       "calling_code":"31",
       "currency_symbol":"\u20ac"
    },
    {
       "capital":"Willemstad",
       "citizenship":"Cura\u00e7aoan",
       "country_code":"531",
       "currency_name":"Netherlands Antillean guilder (CW1)",
       "currency_code":"ANG",
       "full_name":"Cura\u00e7ao",
       "iso_3166_2":"CW",
       "iso_3166_3":"CUW",
       "name":"Cura\u00e7ao",
       "calling_code":"599"
    },
    {
       "capital":"Oranjestad",
       "citizenship":"Aruban",
       "country_code":"533",
       "currency_name":"Aruban guilder",
       "currency_code":"AWG",
       "full_name":"Aruba",
       "iso_3166_2":"AW",
       "iso_3166_3":"ABW",
       "name":"Aruba",
       "calling_code":"297",
       "currency_symbol":"\u0192"
    },
    {
       "capital":"Philipsburg",
       "citizenship":"Sint Maartener",
       "country_code":"534",
       "currency_name":"Netherlands Antillean guilder (SX1)",
       "currency_code":"ANG",
       "full_name":"Sint Maarten",
       "iso_3166_2":"SX",
       "iso_3166_3":"SXM",
       "name":"Sint Maarten (Dutch part)",
       "calling_code":"721"
    },
    {
       "citizenship":"of Bonaire, Sint Eustatius and Saba",
       "country_code":"535",
       "currency_name":"US dollar",
       "currency_code":"USD",
       "iso_3166_2":"BQ",
       "iso_3166_3":"BES",
       "name":"Bonaire, Sint Eustatius and Saba",
       "calling_code":"599"
    },
    {
       "capital":"Noum\u00e9a",
       "citizenship":"New Caledonian",
       "country_code":"540",
       "currency_name":"CFP franc",
       "currency_code":"XPF",
       "full_name":"New Caledonia",
       "iso_3166_2":"NC",
       "iso_3166_3":"NCL",
       "name":"New Caledonia",
       "calling_code":"687",
       "currency_symbol":"XPF"
    },
    {
       "capital":"Port Vila",
       "citizenship":"Vanuatuan",
       "country_code":"548",
       "currency_name":"vatu (inv.)",
       "currency_code":"VUV",
       "full_name":"Republic of Vanuatu",
       "iso_3166_2":"VU",
       "iso_3166_3":"VUT",
       "name":"Vanuatu",
       "calling_code":"678",
       "currency_symbol":"Vt"
    },
    {
       "capital":"Wellington",
       "citizenship":"New Zealander",
       "country_code":"554",
       "currency_name":"New Zealand dollar",
       "currency_code":"NZD",
       "full_name":"New Zealand",
       "iso_3166_2":"NZ",
       "iso_3166_3":"NZL",
       "name":"New Zealand",
       "calling_code":"64",
       "currency_symbol":"$"
    },
    {
       "capital":"Managua",
       "citizenship":"Nicaraguan",
       "country_code":"558",
       "currency_name":"c\u00f3rdoba oro",
       "currency_code":"NIO",
       "full_name":"Republic of Nicaragua",
       "iso_3166_2":"NI",
       "iso_3166_3":"NIC",
       "name":"Nicaragua",
       "calling_code":"505",
       "currency_symbol":"C$"
    },
    {
       "capital":"Niamey",
       "citizenship":"Nigerien",
       "country_code":"562",
       "currency_name":"CFA franc (BCEAO)",
       "currency_code":"XOF",
       "full_name":"Republic of Niger",
       "iso_3166_2":"NE",
       "iso_3166_3":"NER",
       "name":"Niger",
       "calling_code":"227",
       "currency_symbol":"XOF"
    },
    {
       "capital":"Abuja",
       "citizenship":"Nigerian",
       "country_code":"566",
       "currency_name":"naira (inv.)",
       "currency_code":"NGN",
       "full_name":"Federal Republic of Nigeria",
       "iso_3166_2":"NG",
       "iso_3166_3":"NGA",
       "name":"Nigeria",
       "calling_code":"234",
       "currency_symbol":"\u20a6"
    },
    {
       "capital":"Alofi",
       "citizenship":"Niuean",
       "country_code":"570",
       "currency_name":"New Zealand dollar",
       "currency_code":"NZD",
       "full_name":"Niue",
       "iso_3166_2":"NU",
       "iso_3166_3":"NIU",
       "name":"Niue",
       "calling_code":"683",
       "currency_symbol":"$"
    },
    {
       "capital":"Kingston",
       "citizenship":"Norfolk Islander",
       "country_code":"574",
       "currency_name":"Australian dollar",
       "currency_code":"AUD",
       "full_name":"Territory of Norfolk Island",
       "iso_3166_2":"NF",
       "iso_3166_3":"NFK",
       "name":"Norfolk Island",
       "calling_code":"672",
       "currency_symbol":"$"
    },
    {
       "capital":"Oslo",
       "citizenship":"Norwegian",
       "country_code":"578",
       "currency_name":"Norwegian krone (pl. kroner)",
       "currency_code":"NOK",
       "full_name":"Kingdom of Norway",
       "iso_3166_2":"NO",
       "iso_3166_3":"NOR",
       "name":"Norway",
       "calling_code":"47",
       "currency_symbol":"kr"
    },
    {
       "capital":"Saipan",
       "citizenship":"Northern Mariana Islander",
       "country_code":"580",
       "currency_name":"US dollar",
       "currency_code":"USD",
       "full_name":"Commonwealth of the Northern Mariana Islands",
       "iso_3166_2":"MP",
       "iso_3166_3":"MNP",
       "name":"Northern Mariana Islands",
       "calling_code":"1",
       "currency_symbol":"$"
    },
    {
       "capital":"United States Minor Outlying Islands",
       "citizenship":"of United States Minor Outlying Islands",
       "country_code":"581",
       "currency_name":"US dollar",
       "currency_code":"USD",
       "full_name":"United States Minor Outlying Islands",
       "iso_3166_2":"UM",
       "iso_3166_3":"UMI",
       "name":"United States Minor Outlying Islands",
       "calling_code":"1",
       "currency_symbol":"$"
    },
    {
       "capital":"Palikir",
       "citizenship":"Micronesian",
       "country_code":"583",
       "currency_name":"US dollar",
       "currency_code":"USD",
       "full_name":"Federated States of Micronesia",
       "iso_3166_2":"FM",
       "iso_3166_3":"FSM",
       "name":"Micronesia, Federated States of",
       "calling_code":"691",
       "currency_symbol":"$"
    },
    {
       "capital":"Majuro",
       "citizenship":"Marshallese",
       "country_code":"584",
       "currency_name":"US dollar",
       "currency_code":"USD",
       "full_name":"Republic of the Marshall Islands",
       "iso_3166_2":"MH",
       "iso_3166_3":"MHL",
       "name":"Marshall Islands",
       "calling_code":"692",
       "currency_symbol":"$"
    },
    {
       "capital":"Melekeok",
       "citizenship":"Palauan",
       "country_code":"585",
       "currency_name":"US dollar",
       "currency_code":"USD",
       "full_name":"Republic of Palau",
       "iso_3166_2":"PW",
       "iso_3166_3":"PLW",
       "name":"Palau",
       "calling_code":"680",
       "currency_symbol":"$"
    },
    {
       "capital":"Islamabad",
       "citizenship":"Pakistani",
       "country_code":"586",
       "currency_name":"Pakistani rupee",
       "currency_code":"PKR",
       "full_name":"Islamic Republic of Pakistan",
       "iso_3166_2":"PK",
       "iso_3166_3":"PAK",
       "name":"Pakistan",
       "calling_code":"92",
       "currency_symbol":"\u20a8"
    },
    {
       "capital":"Panama City",
       "citizenship":"Panamanian",
       "country_code":"591",
       "currency_name":"balboa",
       "currency_code":"PAB",
       "full_name":"Republic of Panama",
       "iso_3166_2":"PA",
       "iso_3166_3":"PAN",
       "name":"Panama",
       "calling_code":"507",
       "currency_symbol":"B\/."
    },
    {
       "capital":"Port Moresby",
       "citizenship":"Papua New Guinean",
       "country_code":"598",
       "currency_name":"kina (inv.)",
       "currency_code":"PGK",
       "full_name":"Independent State of Papua New Guinea",
       "iso_3166_2":"PG",
       "iso_3166_3":"PNG",
       "name":"Papua New Guinea",
       "calling_code":"675",
       "currency_symbol":"PGK"
    },
    {
       "capital":"Asunci\u00f3n",
       "citizenship":"Paraguayan",
       "country_code":"600",
       "currency_name":"guaran\u00ed",
       "currency_code":"PYG",
       "full_name":"Republic of Paraguay",
       "iso_3166_2":"PY",
       "iso_3166_3":"PRY",
       "name":"Paraguay",
       "calling_code":"595",
       "currency_symbol":"Gs"
    },
    {
       "capital":"Lima",
       "citizenship":"Peruvian",
       "country_code":"604",
       "currency_name":"new sol",
       "currency_code":"PEN",
       "full_name":"Republic of Peru",
       "iso_3166_2":"PE",
       "iso_3166_3":"PER",
       "name":"Peru",
       "calling_code":"51",
       "currency_symbol":"S\/."
    },
    {
       "capital":"Manila",
       "citizenship":"Filipino",
       "country_code":"608",
       "currency_name":"Philippine peso",
       "currency_code":"PHP",
       "full_name":"Republic of the Philippines",
       "iso_3166_2":"PH",
       "iso_3166_3":"PHL",
       "name":"Philippines",
       "calling_code":"63",
       "currency_symbol":"Php"
    },
    {
       "capital":"Adamstown",
       "citizenship":"Pitcairner",
       "country_code":"612",
       "currency_name":"New Zealand dollar",
       "currency_code":"NZD",
       "full_name":"Pitcairn Islands",
       "iso_3166_2":"PN",
       "iso_3166_3":"PCN",
       "name":"Pitcairn",
       "calling_code":"649",
       "currency_symbol":"$"
    },
    {
       "capital":"Warsaw",
       "citizenship":"Polish",
       "country_code":"616",
       "currency_name":"zloty",
       "currency_code":"PLN",
       "full_name":"Republic of Poland",
       "iso_3166_2":"PL",
       "iso_3166_3":"POL",
       "name":"Poland",
       "calling_code":"48",
       "currency_symbol":"z\u0142"
    },
    {
       "capital":"Lisbon",
       "citizenship":"Portuguese",
       "country_code":"620",
       "currency_name":"euro",
       "currency_code":"EUR",
       "full_name":"Portuguese Republic",
       "iso_3166_2":"PT",
       "iso_3166_3":"PRT",
       "name":"Portugal",
       "calling_code":"351",
       "currency_symbol":"\u20ac"
    },
    {
       "capital":"Bissau",
       "citizenship":"Guinea-Bissau national",
       "country_code":"624",
       "currency_name":"CFA franc (BCEAO)",
       "currency_code":"XOF",
       "full_name":"Republic of Guinea-Bissau",
       "iso_3166_2":"GW",
       "iso_3166_3":"GNB",
       "name":"Guinea-Bissau",
       "calling_code":"245",
       "currency_symbol":"XOF"
    },
    {
       "capital":"Dili",
       "citizenship":"East Timorese",
       "country_code":"626",
       "currency_name":"US dollar",
       "currency_code":"USD",
       "full_name":"Democratic Republic of East Timor",
       "iso_3166_2":"TL",
       "iso_3166_3":"TLS",
       "name":"Timor-Leste",
       "calling_code":"670",
       "currency_symbol":"$"
    },
    {
       "capital":"San Juan",
       "citizenship":"Puerto Rican",
       "country_code":"630",
       "currency_name":"US dollar",
       "currency_code":"USD",
       "full_name":"Commonwealth of Puerto Rico",
       "iso_3166_2":"PR",
       "iso_3166_3":"PRI",
       "name":"Puerto Rico",
       "calling_code":"1",
       "currency_symbol":"$"
    },
    {
       "capital":"Doha",
       "citizenship":"Qatari",
       "country_code":"634",
       "currency_name":"Qatari riyal",
       "currency_code":"QAR",
       "full_name":"State of Qatar",
       "iso_3166_2":"QA",
       "iso_3166_3":"QAT",
       "name":"Qatar",
       "calling_code":"974",
       "currency_symbol":"\ufdfc"
    },
    {
       "capital":"Saint-Denis",
       "citizenship":"Reunionese",
       "country_code":"638",
       "currency_name":"euro",
       "currency_code":"EUR",
       "full_name":"R\u00e9union",
       "iso_3166_2":"RE",
       "iso_3166_3":"REU",
       "name":"R\u00e9union",
       "calling_code":"262",
       "currency_symbol":"\u20ac"
    },
    {
       "capital":"Bucharest",
       "citizenship":"Romanian",
       "country_code":"642",
       "currency_name":"Romanian leu (pl. lei)",
       "currency_code":"RON",
       "full_name":"Romania",
       "iso_3166_2":"RO",
       "iso_3166_3":"ROU",
       "name":"Romania",
       "calling_code":"40",
       "currency_symbol":"lei"
    },
    {
       "capital":"Moscow",
       "citizenship":"Russian",
       "country_code":"643",
       "currency_name":"Russian rouble",
       "currency_code":"RUB",
       "full_name":"Russian Federation",
       "iso_3166_2":"RU",
       "iso_3166_3":"RUS",
       "name":"Russian Federation",
       "calling_code":"7",
       "currency_symbol":"\u0440\u0443\u0431"
    },
    {
       "capital":"Kigali",
       "citizenship":"Rwandan; Rwandese",
       "country_code":"646",
       "currency_name":"Rwandese franc",
       "currency_code":"RWF",
       "full_name":"Republic of Rwanda",
       "iso_3166_2":"RW",
       "iso_3166_3":"RWA",
       "name":"Rwanda",
       "calling_code":"250",
       "currency_symbol":"RWF"
    },
    {
       "capital":"Gustavia",
       "citizenship":"of Saint Barth\u00e9lemy",
       "country_code":"652",
       "currency_name":"euro",
       "currency_code":"EUR",
       "full_name":"Collectivity of Saint Barth\u00e9lemy",
       "iso_3166_2":"BL",
       "iso_3166_3":"BLM",
       "name":"Saint Barth\u00e9lemy",
       "calling_code":"590"
    },
    {
       "capital":"Jamestown",
       "citizenship":"Saint Helenian",
       "country_code":"654",
       "currency_name":"Saint Helena pound",
       "currency_code":"SHP",
       "full_name":"Saint Helena, Ascension and Tristan da Cunha",
       "iso_3166_2":"SH",
       "iso_3166_3":"SHN",
       "name":"Saint Helena, Ascension and Tristan da Cunha",
       "calling_code":"290",
       "currency_symbol":"\u00a3"
    },
    {
       "capital":"Basseterre",
       "citizenship":"Kittsian; Nevisian",
       "country_code":"659",
       "currency_name":"East Caribbean dollar",
       "currency_code":"XCD",
       "full_name":"Federation of Saint Kitts and Nevis",
       "iso_3166_2":"KN",
       "iso_3166_3":"KNA",
       "name":"Saint Kitts and Nevis",
       "calling_code":"1",
       "currency_symbol":"$"
    },
    {
       "capital":"The Valley",
       "citizenship":"Anguillan",
       "country_code":"660",
       "currency_name":"East Caribbean dollar",
       "currency_code":"XCD",
       "full_name":"Anguilla",
       "iso_3166_2":"AI",
       "iso_3166_3":"AIA",
       "name":"Anguilla",
       "calling_code":"1",
       "currency_symbol":"$"
    },
    {
       "capital":"Castries",
       "citizenship":"Saint Lucian",
       "country_code":"662",
       "currency_name":"East Caribbean dollar",
       "currency_code":"XCD",
       "full_name":"Saint Lucia",
       "iso_3166_2":"LC",
       "iso_3166_3":"LCA",
       "name":"Saint Lucia",
       "calling_code":"1",
       "currency_symbol":"$"
    },
    {
       "capital":"Marigot",
       "citizenship":"of Saint Martin",
       "country_code":"663",
       "currency_name":"euro",
       "currency_code":"EUR",
       "full_name":"Collectivity of Saint Martin",
       "iso_3166_2":"MF",
       "iso_3166_3":"MAF",
       "name":"Saint Martin (French part)",
       "calling_code":"590"
    },
    {
       "capital":"Saint-Pierre",
       "citizenship":"St-Pierrais; Miquelonnais",
       "country_code":"666",
       "currency_name":"euro",
       "currency_code":"EUR",
       "full_name":"Territorial Collectivity of Saint Pierre and Miquelon",
       "iso_3166_2":"PM",
       "iso_3166_3":"SPM",
       "name":"Saint Pierre and Miquelon",
       "calling_code":"508",
       "currency_symbol":"\u20ac"
    },
    {
       "capital":"Kingstown",
       "citizenship":"Vincentian",
       "country_code":"670",
       "currency_name":"East Caribbean dollar",
       "currency_code":"XCD",
       "full_name":"Saint Vincent and the Grenadines",
       "iso_3166_2":"VC",
       "iso_3166_3":"VCT",
       "name":"Saint Vincent and the Grenadines",
       "calling_code":"1",
       "currency_symbol":"$"
    },
    {
       "capital":"San Marino",
       "citizenship":"San Marinese",
       "country_code":"674",
       "currency_name":"euro",
       "currency_code":"EUR ",
       "full_name":"Republic of San Marino",
       "iso_3166_2":"SM",
       "iso_3166_3":"SMR",
       "name":"San Marino",
       "calling_code":"378",
       "currency_symbol":"\u20ac"
    },
    {
       "capital":"S\u00e3o Tom\u00e9",
       "citizenship":"S\u00e3o Tom\u00e9an",
       "country_code":"678",
       "currency_name":"dobra",
       "currency_code":"STD",
       "full_name":"Democratic Republic of S\u00e3o Tom\u00e9 and Pr\u00edncipe",
       "iso_3166_2":"ST",
       "iso_3166_3":"STP",
       "name":"Sao Tome and Principe",
       "calling_code":"239",
       "currency_symbol":"Db"
    },
    {
       "capital":"Riyadh",
       "citizenship":"Saudi Arabian",
       "country_code":"682",
       "currency_name":"riyal",
       "currency_code":"SAR",
       "full_name":"Kingdom of Saudi Arabia",
       "iso_3166_2":"SA",
       "iso_3166_3":"SAU",
       "name":"Saudi Arabia",
       "calling_code":"966",
       "currency_symbol":"\ufdfc"
    },
    {
       "capital":"Dakar",
       "citizenship":"Senegalese",
       "country_code":"686",
       "currency_name":"CFA franc (BCEAO)",
       "currency_code":"XOF",
       "full_name":"Republic of Senegal",
       "iso_3166_2":"SN",
       "iso_3166_3":"SEN",
       "name":"Senegal",
       "calling_code":"221",
       "currency_symbol":"XOF"
    },
    {
       "capital":"Belgrade",
       "citizenship":"Serb",
       "country_code":"688",
       "currency_name":"Serbian dinar",
       "currency_code":"RSD",
       "full_name":"Republic of Serbia",
       "iso_3166_2":"RS",
       "iso_3166_3":"SRB",
       "name":"Serbia",
       "calling_code":"381"
    },
    {
       "capital":"Victoria",
       "citizenship":"Seychellois",
       "country_code":"690",
       "currency_name":"Seychelles rupee",
       "currency_code":"SCR",
       "full_name":"Republic of Seychelles",
       "iso_3166_2":"SC",
       "iso_3166_3":"SYC",
       "name":"Seychelles",
       "calling_code":"248",
       "currency_symbol":"\u20a8"
    },
    {
       "capital":"Freetown",
       "citizenship":"Sierra Leonean",
       "country_code":"694",
       "currency_name":"leone",
       "currency_code":"SLL",
       "full_name":"Republic of Sierra Leone",
       "iso_3166_2":"SL",
       "iso_3166_3":"SLE",
       "name":"Sierra Leone",
       "calling_code":"232",
       "currency_symbol":"Le"
    },
    {
       "capital":"Singapore",
       "citizenship":"Singaporean",
       "country_code":"702",
       "currency_name":"Singapore dollar",
       "currency_code":"SGD",
       "full_name":"Republic of Singapore",
       "iso_3166_2":"SG",
       "iso_3166_3":"SGP",
       "name":"Singapore",
       "calling_code":"65",
       "currency_symbol":"$"
    },
    {
       "capital":"Bratislava",
       "citizenship":"Slovak",
       "country_code":"703",
       "currency_name":"euro",
       "currency_code":"EUR",
       "full_name":"Slovak Republic",
       "iso_3166_2":"SK",
       "iso_3166_3":"SVK",
       "name":"Slovakia",
       "calling_code":"421",
       "currency_symbol":"Sk"
    },
    {
       "capital":"Hanoi",
       "citizenship":"Vietnamese",
       "country_code":"704",
       "currency_name":"dong",
       "currency_code":"VND",
       "full_name":"Socialist Republic of Vietnam",
       "iso_3166_2":"VN",
       "iso_3166_3":"VNM",
       "name":"Viet Nam",
       "calling_code":"84",
       "currency_symbol":"\u20ab"
    },
    {
       "capital":"Ljubljana",
       "citizenship":"Slovene",
       "country_code":"705",
       "currency_name":"euro",
       "currency_code":"EUR",
       "full_name":"Republic of Slovenia",
       "iso_3166_2":"SI",
       "iso_3166_3":"SVN",
       "name":"Slovenia",
       "calling_code":"386",
       "currency_symbol":"\u20ac"
    },
    {
       "capital":"Mogadishu",
       "citizenship":"Somali",
       "country_code":"706",
       "currency_name":"Somali shilling",
       "currency_code":"SOS",
       "full_name":"Somali Republic",
       "iso_3166_2":"SO",
       "iso_3166_3":"SOM",
       "name":"Somalia",
       "calling_code":"252",
       "currency_symbol":"S"
    },
    {
       "capital":"Pretoria (ZA1)",
       "citizenship":"South African",
       "country_code":"710",
       "currency_name":"rand",
       "currency_code":"ZAR",
       "full_name":"Republic of South Africa",
       "iso_3166_2":"ZA",
       "iso_3166_3":"ZAF",
       "name":"South Africa",
       "calling_code":"27",
       "currency_symbol":"R"
    },
    {
       "capital":"Harare",
       "citizenship":"Zimbabwean",
       "country_code":"716",
       "currency_name":"Zimbabwe dollar (ZW1)",
       "currency_code":"ZWL",
       "full_name":"Republic of Zimbabwe",
       "iso_3166_2":"ZW",
       "iso_3166_3":"ZWE",
       "name":"Zimbabwe",
       "calling_code":"263",
       "currency_symbol":"Z$"
    },
    {
       "capital":"Madrid",
       "citizenship":"Spaniard",
       "country_code":"724",
       "currency_name":"euro",
       "currency_code":"EUR",
       "full_name":"Kingdom of Spain",
       "iso_3166_2":"ES",
       "iso_3166_3":"ESP",
       "name":"Spain",
       "calling_code":"34",
       "currency_symbol":"\u20ac"
    },
    {
       "capital":"Juba",
       "citizenship":"South Sudanese",
       "country_code":"728",
       "currency_name":"South Sudanese pound",
       "currency_code":"SSP",
       "full_name":"Republic of South Sudan",
       "iso_3166_2":"SS",
       "iso_3166_3":"SSD",
       "name":"South Sudan",
       "calling_code":"211"
    },
    {
       "capital":"Khartoum",
       "citizenship":"Sudanese",
       "country_code":"729",
       "currency_name":"Sudanese pound",
       "currency_code":"SDG",
       "full_name":"Republic of the Sudan",
       "iso_3166_2":"SD",
       "iso_3166_3":"SDN",
       "name":"Sudan",
       "calling_code":"249"
    },
    {
       "capital":"Al aaiun",
       "citizenship":"Sahrawi",
       "country_code":"732",
       "currency_name":"Moroccan dirham",
       "currency_code":"MAD",
       "full_name":"Western Sahara",
       "iso_3166_2":"EH",
       "iso_3166_3":"ESH",
       "name":"Western Sahara",
       "calling_code":"212",
       "currency_symbol":"MAD"
    },
    {
       "capital":"Paramaribo",
       "citizenship":"Surinamese",
       "country_code":"740",
       "currency_name":"Surinamese dollar",
       "currency_code":"SRD",
       "full_name":"Republic of Suriname",
       "iso_3166_2":"SR",
       "iso_3166_3":"SUR",
       "name":"Suriname",
       "calling_code":"597",
       "currency_symbol":"$"
    },
    {
       "capital":"Longyearbyen",
       "citizenship":"of Svalbard",
       "country_code":"744",
       "currency_name":"Norwegian krone (pl. kroner)",
       "currency_code":"NOK",
       "full_name":"Svalbard and Jan Mayen",
       "iso_3166_2":"SJ",
       "iso_3166_3":"SJM",
       "name":"Svalbard and Jan Mayen",
       "calling_code":"47",
       "currency_symbol":"kr"
    },
    {
       "capital":"Mbabane",
       "citizenship":"Swazi",
       "country_code":"748",
       "currency_name":"lilangeni",
       "currency_code":"SZL",
       "full_name":"Kingdom of Swaziland",
       "iso_3166_2":"SZ",
       "iso_3166_3":"SWZ",
       "name":"Swaziland",
       "calling_code":"268",
       "currency_symbol":"SZL"
    },
    {
       "capital":"Stockholm",
       "citizenship":"Swedish",
       "country_code":"752",
       "currency_name":"krona (pl. kronor)",
       "currency_code":"SEK",
       "full_name":"Kingdom of Sweden",
       "iso_3166_2":"SE",
       "iso_3166_3":"SWE",
       "name":"Sweden",
       "calling_code":"46",
       "currency_symbol":"kr"
    },
    {
       "capital":"Berne",
       "citizenship":"Swiss",
       "country_code":"756",
       "currency_name":"Swiss franc",
       "currency_code":"CHF",
       "full_name":"Swiss Confederation",
       "iso_3166_2":"CH",
       "iso_3166_3":"CHE",
       "name":"Switzerland",
       "calling_code":"41",
       "currency_symbol":"CHF"
    },
    {
       "capital":"Damascus",
       "citizenship":"Syrian",
       "country_code":"760",
       "currency_name":"Syrian pound",
       "currency_code":"SYP",
       "full_name":"Syrian Arab Republic",
       "iso_3166_2":"SY",
       "iso_3166_3":"SYR",
       "name":"Syrian Arab Republic",
       "calling_code":"963",
       "currency_symbol":"\u00a3"
    },
    {
       "capital":"Dushanbe",
       "citizenship":"Tajik",
       "country_code":"762",
       "currency_name":"somoni",
       "currency_code":"TJS",
       "full_name":"Republic of Tajikistan",
       "iso_3166_2":"TJ",
       "iso_3166_3":"TJK",
       "name":"Tajikistan",
       "calling_code":"992",
       "currency_symbol":"TJS"
    },
    {
       "capital":"Bangkok",
       "citizenship":"Thai",
       "country_code":"764",
       "currency_name":"baht (inv.)",
       "currency_code":"THB",
       "full_name":"Kingdom of Thailand",
       "iso_3166_2":"TH",
       "iso_3166_3":"THA",
       "name":"Thailand",
       "calling_code":"66",
       "currency_symbol":"\u0e3f"
    },
    {
       "capital":"Lom\u00e9",
       "citizenship":"Togolese",
       "country_code":"768",
       "currency_name":"CFA franc (BCEAO)",
       "currency_code":"XOF",
       "full_name":"Togolese Republic",
       "iso_3166_2":"TG",
       "iso_3166_3":"TGO",
       "name":"Togo",
       "calling_code":"228",
       "currency_symbol":"XOF"
    },
    {
       "capital":"(TK2)",
       "citizenship":"Tokelauan",
       "country_code":"772",
       "currency_name":"New Zealand dollar",
       "currency_code":"NZD",
       "full_name":"Tokelau",
       "iso_3166_2":"TK",
       "iso_3166_3":"TKL",
       "name":"Tokelau",
       "calling_code":"690",
       "currency_symbol":"$"
    },
    {
       "capital":"Nuku\u2019alofa",
       "citizenship":"Tongan",
       "country_code":"776",
       "currency_name":"pa\u2019anga (inv.)",
       "currency_code":"TOP",
       "full_name":"Kingdom of Tonga",
       "iso_3166_2":"TO",
       "iso_3166_3":"TON",
       "name":"Tonga",
       "calling_code":"676",
       "currency_symbol":"T$"
    },
    {
       "capital":"Port of Spain",
       "citizenship":"Trinidadian; Tobagonian",
       "country_code":"780",
       "currency_name":"Trinidad and Tobago dollar",
       "currency_code":"TTD",
       "full_name":"Republic of Trinidad and Tobago",
       "iso_3166_2":"TT",
       "iso_3166_3":"TTO",
       "name":"Trinidad and Tobago",
       "calling_code":"1",
       "currency_symbol":"TT$"
    },
    {
       "capital":"Abu Dhabi",
       "citizenship":"Emirian",
       "country_code":"784",
       "currency_name":"UAE dirham",
       "currency_code":"AED",
       "full_name":"United Arab Emirates",
       "iso_3166_2":"AE",
       "iso_3166_3":"ARE",
       "name":"United Arab Emirates",
       "calling_code":"971",
       "currency_symbol":"AED"
    },
    {
       "capital":"Tunis",
       "citizenship":"Tunisian",
       "country_code":"788",
       "currency_name":"Tunisian dinar",
       "currency_code":"TND",
       "full_name":"Republic of Tunisia",
       "iso_3166_2":"TN",
       "iso_3166_3":"TUN",
       "name":"Tunisia",
       "calling_code":"216",
       "currency_symbol":"TND"
    },
    {
       "capital":"Ankara",
       "citizenship":"Turk",
       "country_code":"792",
       "currency_name":"Turkish lira (inv.)",
       "currency_code":"TRY",
       "full_name":"Republic of Turkey",
       "iso_3166_2":"TR",
       "iso_3166_3":"TUR",
       "name":"Turkey",
       "calling_code":"90",
       "currency_symbol":""
    },
    {
       "capital":"Ashgabat",
       "citizenship":"Turkmen",
       "country_code":"795",
       "currency_name":"Turkmen manat (inv.)",
       "currency_code":"TMT",
       "full_name":"Turkmenistan",
       "iso_3166_2":"TM",
       "iso_3166_3":"TKM",
       "name":"Turkmenistan",
       "calling_code":"993",
       "currency_symbol":"m"
    },
    {
       "capital":"Cockburn Town",
       "citizenship":"Turks and Caicos Islander",
       "country_code":"796",
       "currency_name":"US dollar",
       "currency_code":"USD",
       "full_name":"Turks and Caicos Islands",
       "iso_3166_2":"TC",
       "iso_3166_3":"TCA",
       "name":"Turks and Caicos Islands",
       "calling_code":"1",
       "currency_symbol":"$"
    },
    {
       "capital":"Funafuti",
       "citizenship":"Tuvaluan",
       "country_code":"798",
       "currency_name":"Australian dollar",
       "currency_code":"AUD",
       "full_name":"Tuvalu",
       "iso_3166_2":"TV",
       "iso_3166_3":"TUV",
       "name":"Tuvalu",
       "calling_code":"688",
       "currency_symbol":"$"
    },
    {
       "capital":"Kampala",
       "citizenship":"Ugandan",
       "country_code":"800",
       "currency_name":"Uganda shilling",
       "currency_code":"UGX",
       "full_name":"Republic of Uganda",
       "iso_3166_2":"UG",
       "iso_3166_3":"UGA",
       "name":"Uganda",
       "calling_code":"256",
       "currency_symbol":"UGX"
    },
    {
       "capital":"Kiev",
       "citizenship":"Ukrainian",
       "country_code":"804",
       "currency_name":"hryvnia",
       "currency_code":"UAH",
       "full_name":"Ukraine",
       "iso_3166_2":"UA",
       "iso_3166_3":"UKR",
       "name":"Ukraine",
       "calling_code":"380",
       "currency_symbol":"\u20b4"
    },
    {
       "capital":"Skopje",
       "citizenship":"of the former Yugoslav Republic of Macedonia",
       "country_code":"807",
       "currency_name":"denar (pl. denars)",
       "currency_code":"MKD",
       "full_name":"the former Yugoslav Republic of Macedonia",
       "iso_3166_2":"MK",
       "iso_3166_3":"MKD",
       "name":"Macedonia, the former Yugoslav Republic of",
       "calling_code":"389",
       "currency_symbol":"\u0434\u0435\u043d"
    },
    {
       "capital":"Cairo",
       "citizenship":"Egyptian",
       "country_code":"818",
       "currency_name":"Egyptian pound",
       "currency_code":"EGP",
       "full_name":"Arab Republic of Egypt",
       "iso_3166_2":"EG",
       "iso_3166_3":"EGY",
       "name":"Egypt",
       "calling_code":"20",
       "currency_symbol":"\u00a3"
    },
    {
       "capital":"London",
       "citizenship":"British",
       "country_code":"826",
       "currency_name":"pound sterling",
       "currency_code":"GBP",
       "full_name":"United Kingdom of Great Britain and Northern Ireland",
       "iso_3166_2":"GB",
       "iso_3166_3":"GBR",
       "name":"United Kingdom",
       "calling_code":"44",
       "currency_symbol":"\u00a3"
    },
    {
       "capital":"St Peter Port",
       "citizenship":"of Guernsey",
       "country_code":"831",
       "currency_name":"Guernsey pound (GG2)",
       "currency_code":"GGP (GG2)",
       "full_name":"Bailiwick of Guernsey",
       "iso_3166_2":"GG",
       "iso_3166_3":"GGY",
       "name":"Guernsey",
       "calling_code":"44"
    },
    {
       "capital":"St Helier",
       "citizenship":"of Jersey",
       "country_code":"832",
       "currency_name":"Jersey pound (JE2)",
       "currency_code":"JEP (JE2)",
       "full_name":"Bailiwick of Jersey",
       "iso_3166_2":"JE",
       "iso_3166_3":"JEY",
       "name":"Jersey",
       "calling_code":"44"
    },
    {
       "capital":"Douglas",
       "citizenship":"Manxman; Manxwoman",
       "country_code":"833",
       "currency_name":"Manx pound (IM2)",
       "currency_code":"IMP (IM2)",
       "full_name":"Isle of Man",
       "iso_3166_2":"IM",
       "iso_3166_3":"IMN",
       "name":"Isle of Man",
       "calling_code":"44"
    },
    {
       "capital":"Dodoma (TZ1)",
       "citizenship":"Tanzanian",
       "country_code":"834",
       "currency_name":"Tanzanian shilling",
       "currency_code":"TZS",
       "full_name":"United Republic of Tanzania",
       "iso_3166_2":"TZ",
       "iso_3166_3":"TZA",
       "name":"Tanzania, United Republic of",
       "calling_code":"255",
       "currency_symbol":"TZS"
    },
    {
       "capital":"Washington DC",
       "citizenship":"American",
       "country_code":"840",
       "currency_name":"US dollar",
       "currency_code":"USD",
       "full_name":"United States of America",
       "iso_3166_2":"US",
       "iso_3166_3":"USA",
       "name":"United States",
       "calling_code":"1",
       "currency_symbol":"$"
    },
    {
       "capital":"Charlotte Amalie",
       "citizenship":"US Virgin Islander",
       "country_code":"850",
       "currency_name":"US dollar",
       "currency_code":"USD",
       "full_name":"United States Virgin Islands",
       "iso_3166_2":"VI",
       "iso_3166_3":"VIR",
       "name":"Virgin Islands, U.S.",
       "calling_code":"1",
       "currency_symbol":"$"
    },
    {
       "capital":"Ouagadougou",
       "citizenship":"Burkinabe",
       "country_code":"854",
       "currency_name":"CFA franc (BCEAO)",
       "currency_code":"XOF",
       "full_name":"Burkina Faso",
       "iso_3166_2":"BF",
       "iso_3166_3":"BFA",
       "name":"Burkina Faso",
       "calling_code":"226",
       "currency_symbol":"XOF"
    },
    {
       "capital":"Montevideo",
       "citizenship":"Uruguayan",
       "country_code":"858",
       "currency_name":"Uruguayan peso",
       "currency_code":"UYU",
       "full_name":"Eastern Republic of Uruguay",
       "iso_3166_2":"UY",
       "iso_3166_3":"URY",
       "name":"Uruguay",
       "calling_code":"598",
       "currency_symbol":"$U"
    },
    {
       "capital":"Tashkent",
       "citizenship":"Uzbek",
       "country_code":"860",
       "currency_name":"sum (inv.)",
       "currency_code":"UZS",
       "full_name":"Republic of Uzbekistan",
       "iso_3166_2":"UZ",
       "iso_3166_3":"UZB",
       "name":"Uzbekistan",
       "calling_code":"998",
       "currency_symbol":"\u043b\u0432"
    },
    {
       "capital":"Caracas",
       "citizenship":"Venezuelan",
       "country_code":"862",
       "currency_name":"bol\u00edvar fuerte (pl. bol\u00edvares fuertes)",
       "currency_code":"VEF",
       "full_name":"Bolivarian Republic of Venezuela",
       "iso_3166_2":"VE",
       "iso_3166_3":"VEN",
       "name":"Venezuela, Bolivarian Republic of",
       "calling_code":"58",
       "currency_symbol":"Bs"
    },
    {
       "capital":"Mata-Utu",
       "citizenship":"Wallisian; Futunan; Wallis and Futuna Islander",
       "country_code":"876",
       "currency_name":"CFP franc",
       "currency_code":"XPF",
       "full_name":"Wallis and Futuna",
       "iso_3166_2":"WF",
       "iso_3166_3":"WLF",
       "name":"Wallis and Futuna",
       "calling_code":"681",
       "currency_symbol":"XPF"
    },
    {
       "capital":"Apia",
       "citizenship":"Samoan",
       "country_code":"882",
       "currency_name":"tala (inv.)",
       "currency_code":"WST",
       "full_name":"Independent State of Samoa",
       "iso_3166_2":"WS",
       "iso_3166_3":"WSM",
       "name":"Samoa",
       "calling_code":"685",
       "currency_symbol":"WS$"
    },
    {
       "capital":"San\u2019a",
       "citizenship":"Yemenite",
       "country_code":"887",
       "currency_name":"Yemeni rial",
       "currency_code":"YER",
       "full_name":"Republic of Yemen",
       "iso_3166_2":"YE",
       "iso_3166_3":"YEM",
       "name":"Yemen",
       "calling_code":"967",
       "currency_symbol":"\ufdfc"
    },
    {
       "capital":"Lusaka",
       "citizenship":"Zambian",
       "country_code":"894",
       "currency_name":"Zambian kwacha (inv.)",
       "currency_code":"ZMW",
       "full_name":"Republic of Zambia",
       "iso_3166_2":"ZM",
       "iso_3166_3":"ZMB",
       "name":"Zambia",
       "calling_code":"260",
       "currency_symbol":"ZK"
    }
]
